"","inbred","condition","hours_elapsed","min","med","mean","max","sd","iqr"
"1","33-16","ws",6,0.25309834,0.658574835,0.734738489,1.3095958,0.37943709354521,0.661444435
"2","33-16","ws",36,1.7183551,2.1658609,2.1963815,2.7104406,0.360374456339708,0.5252181
"3","33-16","ww",6,0.16882895,0.44439648,0.593191546,1.3867823,0.422751347408916,0.500121215
"4","33-16","ww",36,1.5401095,3.2132461,3.34082405,5.8005724,1.40905282351263,1.870884325
"5","38-11","ws",6,0,0,0.138477712,0.5488135,0.198822554631694,0.23711601
"6","38-11","ws",36,0,0.52948464,0.524779141,1.2530032,0.506469515232642,0.9535775075
"7","38-11","ww",6,0,0,0.129607202,0.77575755,0.254150208327136,0.1366663275
"8","38-11","ww",36,0,0.85446683,1.303729562,3.903967,1.38443531873667,2.04095348
"9","4226","ws",6,0,0.4141988,0.471868201,1.1637491,0.271463229564067,0.237153075
"10","4226","ww",6,0.22164243,1.2898862,1.62932676888889,4.144294,1.31561915990794,1.8308450125
"11","796","ws",6,0,0.31020316,0.301203918,0.5568757,0.187456270132839,0.1772714
"12","796","ws",36,0,0.58614765,1.082221938,3.5411103,1.29226397913662,0.5157872275
"13","796","ww",6,0,0.34992724,0.337237883,0.7128301,0.239122346383031,0.2659252675
"14","796","ww",36,0,1.6854194,2.005540863,5.127756,1.80008977216036,1.4838363775
"15","A214N","ws",6,0,0.50011603,0.423147178,0.66981626,0.259876145753123,0.344382885
"16","A214N","ws",36,0,1.46461235,1.220259817,2.0359788,0.695023608783181,1.009751915
"17","A214N","ww",6,0.2682579,0.66639697,0.633811991,1.0404441,0.246281847263151,0.3745523025
"18","A214N","ww",36.0002777777778,0.5761158,2.07012275,2.14442917,3.4364028,0.878277390363152,1.032768375
"19","A239","ws",0,0,0.393650585,0.362718919,0.6201218,0.182238913654355,0.24401186
"20","A239","ws",29.9997222222222,0.3454694,1.01129285,1.139248002,2.5972323,0.660071390904773,0.5898146375
"21","A239","ww",0,0.20807754,0.587547725,0.56715786,0.9374579,0.220601354014491,0.40872697
"22","A239","ww",30,1.9214354,3.58824725,3.92265368,5.704694,1.25344022874194,1.714090375
"23","A441-5","ws",6,0,0.32747266,0.546734448947368,2.32209,0.733399597194587,0.706458835
"24","A441-5","ww",6,0,0.988179025,1.30830621515,4.246557,1.4317121055205,2.28708065
"25","A554","ws",6,0.46945512,0.76444255,0.820468173,1.4631673,0.279875044289788,0.2987952275
"26","A554","ws",33.9830555555556,1.0226843,2.71013545,2.65462059,3.5424078,0.658208725315352,0.309181225
"27","A554","ww",6,0.61859584,0.89316735,0.954041238,1.368783,0.267122717000183,0.38406427
"28","A554","ww",33.9963888888889,3.207706,5.285156,5.3566098,7.318148,1.25398440342238,0.90399655
"29","A556","ws",6,0,0.523374875,0.468608303,0.76950276,0.255191762015857,0.301621645
"30","A556","ws",30,1.0827659,1.54206705,1.57544212,2.1730652,0.36176905685967,0.389773925
"31","A556","ww",6,0.27096447,0.687542405,0.686731751,1.0716774,0.258791550749738,0.3473649525
"32","A556","ww",30,0.87273777,2.59496795,2.767411277,4.156387,1.04679322865572,1.385530325
"33","A6","ws",6,0,0,0.3617872485,2.777324,0.732293983145537,0.3240935925
"34","A6","ww",6,0,0.1030303,1.252706648,7.0756717,1.91851334996906,2.2914246
"35","A619","ws",0,0,0.3873121,0.342118454,0.49901074,0.148049050860018,0.1093371275
"36","A619","ws",30,1.2250128,1.58228955,1.51370259,1.8947638,0.22118842268683,0.33120865
"37","A619","ww",0,0,0.44481319,0.340663837,0.55436367,0.242464882183417,0.437177605
"38","A619","ww",30,0.8215329,2.9401585,2.780604,4.3196106,1.07903646600653,1.0180805
"39","A632","ws",6,0,0.3186731,0.345258804,0.6134109,0.198097883585187,0.2182772975
"40","A632","ws",36,0,1.03647205,1.00007816,2.021053,0.670566506808648,0.96327397
"41","A632","ww",6,0,0.606960745,0.526013164,0.7720199,0.250911778550866,0.33190138
"42","A632","ww",36.0002777777778,0.3565544,1.01671717,1.770203651,4.391122,1.49189897960941,2.272611875
"43","A634","ws",6,0,0,0,0,0,0
"44","A634","ws",35.9986111111111,0,0,0,0,0,0
"45","A634","ww",6,0,0,0,0,0,0
"46","A634","ww",36,0,0,0.221696385,1.3060299,0.443503000751646,0.1423678125
"47","A641","ww",6,0.8299579,1.4864133,1.477848873,2.0099592,0.3967738455567,0.548991525
"48","A641","ww",6.16583333333333,0.58467597,1.08238625,1.004156473,1.2770221,0.252095822774868,0.40429871
"49","A641","ww",30.1658333333333,0.5345022,1.73254535,1.86620162,3.278025,0.85495244543298,0.655294225
"50","A641","ww",36,2.139053,4.70679715,4.82691317,7.6208377,1.60660034411011,1.4823674
"51","A661","ws",0,0,0.19303032,0.188252067,0.6099695,0.198956748447254,0.28079861
"52","A661","ws",30.0002777777778,0.49325505,0.8392705,1.030251781,2.2503035,0.563276968417774,0.44379498
"53","A661","ww",0,0,0.122972495,0.197677452,0.7364627,0.246755912773117,0.3148323525
"54","A661","ww",29.6041666666667,0.31998762,3.614339,3.159908542,4.8934174,1.43340613990901,1.6968499
"55","A679","ws",6,0,0.64581952,1.026866784,2.5267787,0.799425164260823,1.476055995
"56","A679","ww",6,0,0.82137837,1.276016923,4.476872,1.21979511665957,1.46230178
"57","A680","ws",0,0,0.18631694,0.206929672,0.47377998,0.201804697264731,0.40825017
"58","A680","ws",23.8341666666667,0,1.0086294,0.94191172,1.7084165,0.610160188076788,0.767920375
"59","A680","ww",0,0,0.268460735,0.307683247,0.8764897,0.302870899959754,0.41771591
"60","A680","ww",24.0125,0,2.04780745,1.84628783,3.1189644,1.08526709582135,0.913723
"61","A682","ws",6,0,0.205225605,0.238080604,0.49501008,0.139224392366908,0.148403925
"62","A682","ws",36,0,0.47252722,0.434434307,0.627157,0.177468362415618,0.1454919725
"63","A682","ww",6,0,0.37621475,0.3234565165,0.56677675,0.181094081208018,0.2496571475
"64","A682","ww",36,0.53227055,2.30004805,2.536354462,4.8259854,1.44947160317908,1.9071072
"65","B104","ws",6,0.16486631,0.54584722,0.547875486,0.87158406,0.214165416967068,0.2749747175
"66","B104","ws",36,0.121816665,1.58740825,1.6565768275,3.7204351,1.24619897362597,2.038214605
"67","B104","ww",6,0.44245368,0.7975886,0.848275747,1.6166179,0.341001841442104,0.3514898825
"68","B104","ww",36,0.58999926,5.77559735,5.414973856,8.376877,2.24964555715785,2.3989747
"69","B115","ws",6,0.44970438,0.658957395,0.636010314,0.8500432,0.14065226287186,0.2346480725
"70","B115","ws",30,1.8226001,2.4794553,2.4279198,3.0661712,0.406021811724507,0.627693274999999
"71","B115","ww",6,0.19587857,0.4271601,0.431708485,0.61099726,0.135328143409652,0.1651909
"72","B115","ww",35.9963888888889,4.0446777,4.57186415,4.55564154,5.2868967,0.332579612469136,0.284139275
"73","B164","ws",6,0.39981526,0.66462288,1.09998812,2.4518323,0.702713407851228,1.238801675
"74","B164","ww",6,0.55386233,0.92801975,1.245471254,3.4401655,0.79761044922709,0.6979766375
"75","B2","ws",6,0,0.2627014,0.24374598,0.70563775,0.243340457692377,0.40377778
"76","B2","ws",36,0.4333067,0.846407825,0.821698849,1.4901586,0.325052917942823,0.410104075
"77","B2","ww",6,0,0.27231677,0.351475211,0.9006729,0.317184660006074,0.5423382425
"78","B2","ww",36,0,3.7159433,3.37430569,5.29471,1.70772766060519,2.233986225
"79","B37","ws",6,0.30428258,0.72240838,0.683520477,0.9191637,0.209795400356838,0.3214853475
"80","B37","ws",24.0002777777778,1.6571516,2.0178411,2.03335929,2.6011038,0.302519797301446,0.375482275
"81","B37","ww",6,0.45445943,0.7472743,0.75686112,1.0802534,0.18143366004401,0.1783393475
"82","B37","ww",30.0002777777778,2.9106476,3.65379905,3.82393624,5.21176,0.773308152041519,0.796367
"83","B52","ws",6,0.33240333,0.56286076,0.618214525,0.9639893,0.229319819481541,0.382036465
"84","B52","ws",36,1.727124,2.569249,2.51845049,3.2945762,0.530035623278139,0.931464325
"85","B52","ww",6,0.46788505,0.97906075,0.939771769,1.4345521,0.280493326692222,0.3289143225
"86","B52","ww",36.0002777777778,0.8181818,5.0179114,4.35983047,5.690499,1.78085014769588,0.636017025000001
"87","B57","ws",6,0,0,0.07448714402,0.43904,0.142954486543075,0.10182557755
"88","B57","ws",29.9997222222222,0,0,0.457475652,2.12422,0.830698825532437,0.314308795
"89","B57","ww",6,0,0,0.035568359,0.26396403,0.0852697713800837,0
"90","B57","ww",30,0,0,0.705654625,3.6589973,1.17334750621,1.0844277125
"91","B68","ws",6,0,0,0.1994796495,1.3625768,0.378935954587504,0.23354068
"92","B68","ww",6,0,0,0.2272994728,2.0519683,0.552971874072115,0.025718514
"93","B73","ws",6,0,0.29950178,0.356863168181818,1.9053192,0.553664618871508,0.43357343
"94","B73","ws",36,0,0,0.817318433333333,2.1513748,0.985829793306867,1.6805803
"95","B73","ww",6,0,0.289048225,0.613432974285714,3.930512,1.07092603430704,0.565181025
"96","B73","ww",35.9997222222222,0,3.2557241,2.299402959,5.3298206,1.95075865793693,3.1917920825
"97","B73","ww",36,0,0,0,0,NA,0
"98","B76","ws",6,0,0.45729869,0.462413127,1.3587818,0.361491474129779,0.2404902125
"99","B76","ws",29.9997222222222,0.020293672,2.0162745,1.5842348062,2.9544828,1.08997311825045,1.602785395
"100","B76","ww",6,0.19176161,0.29927934,0.450851927,0.861111,0.266127734145571,0.44077762
"101","B76","ww",30,0.17847902,2.5780928,2.59266729111111,4.7634907,1.65642948479978,2.8615434
"102","B77","ws",6,0.43359545,1.388571,1.580300029,3.6257226,0.98052196195792,0.991351575
"103","B79","ws",6,0,0,0.349994809,1.658531,0.513253758289738,0.69219755
"104","B79","ww",6,0,0,0.353651036,2.104226,0.598357652113195,0.3809802275
"105","B84","ws",6,0,0.23104205,0.227239705,0.40164948,0.122766813375634,0.178715285
"106","B84","ws",36,0.15804127,2.54159605,2.225083307,2.974997,0.830846550318003,0.623533775
"107","B84","ww",6,0,0.14360285,0.13730131,0.40164948,0.140307907329819,0.207340015
"108","B84","ww",36.0080555555556,0.90459156,2.99447565,2.790930696,4.2814045,0.973943071334228,0.8635871
"109","B97","ws",6,0.83656126,1.40942315,1.60880957,2.8277054,0.706455792841508,1.341823215
"110","B97","ww",6,0.6325537,1.4874321,2.34748786631579,6.361782,1.87926687562122,1.33758285
"111","C123","ws",6,0,0.9237001,1.31677093829032,3.4489937,1.2072165139381,2.579778425
"112","C123","ws",36,0,1.30881605,1.44955290791667,3.4249973,1.0504678843482,1.41387737
"113","C123","ww",6,0,1.2142688,2.37540396966667,6.5455112,2.38054179755301,4.11259725
"114","C123","ww",36,0.8730498,2.12417775,2.60051484,4.4143534,1.2931151376925,2.265628075
"115","C49A","ws",6,0.48185018,0.6837171,0.770615743,1.2122016,0.270166614409669,0.4870614125
"116","C49A","ws",29.9997222222222,0.664584,1.8667279,1.837377636,3.1953735,0.870803697487752,1.116407675
"117","C49A","ww",6,2.8614826,4.630954,4.37957561111111,5.851364,1.07044753283828,1.7175967
"118","CH701-30","ws",6,0.3727449,0.81243722,0.931156714,1.5648805,0.444454630340468,0.7987104375
"119","CH701-30","ws",34.6666666666667,2.1387873,3.00452785,2.9777835,4.022141,0.590793704670513,0.57623635
"120","CH701-30","ww",6,0.50789976,0.92595105,0.950649282,1.4155669,0.303857097978869,0.430639735
"121","CH701-30","ww",34.5002777777778,2.6831667,4.65922435,4.39074468,5.3175178,0.802673572308749,0.6588079
"122","CH9","ws",6,0.32771105,0.8066543,1.32230365764706,2.7256732,0.935747171107302,1.8393623
"123","CH9","ww",6,0,0.67418245,1.661983556875,5.043772,1.77050951375659,2.4497095325
"124","CI.7","ws",6,0.21893807,1.6418987,2.008059759,4.314627,1.41318534253542,2.4765400675
"125","CI.7","ww",6,0,1.51250115,1.917698086,4.9487653,1.5827308456943,2.073403605
"126","CI187-2","ws",6,0.45734552,1.015915585,1.193828052,2.227625,0.511961219227536,0.7210176975
"127","CI187-2","ww",6,0.49124566,1.12664365,1.6860923025,3.8215334,1.15956135025532,1.8330117025
"128","CI28A","ws",6,0.6453876,0.765754865,0.793637824,1.0806333,0.133266570275709,0.15772496
"129","CI28A","ws",30,2.026121,2.9102302,2.91153858,3.384166,0.40567966885704,0.46037025
"130","CI28A","ww",6,0.4693547,0.870126,0.813637894545455,1.0130877,0.178077671191358,0.187674655
"131","CI28A","ww",30,3.1290038,4.883938,4.66186475555556,5.7016454,0.839675488302023,1.2340474
"132","CI31A","ws",6,0,0.16171713,0.468187989283721,1.7480446,0.554037974655071,0.9387347
"133","CI31A","ww",6,0,0.039476317,1.23279638404318,6.859165,2.28972959008099,0.1282594725
"134","CI64","ws",0,0,0,0.092810249,0.299313,0.124168348173405,0.211362565
"135","CI64","ws",30,0.24243572,0.74315365,0.772006802,1.3995188,0.385993379968523,0.485087685
"136","CI64","ww",0,0,0.154349275,0.155429463,0.433809,0.158182684713064,0.25583952
"137","CI64","ww",30,2.2006288,2.7415938,2.85494713,3.8354557,0.567023652823707,0.514661925
"138","CI66","ww",6,0,2.3438134,1.92816674307692,4.257419,1.63217153285713,2.949225
"139","CI90C","ws",6,0.50656295,0.78965375,0.787065644166667,1.1558403,0.181591739678904,0.1957764375
"140","CI90C","ws",30,3.4389393,3.71815965,3.78436305833333,4.525867,0.299895026666124,0.227442225
"141","CI90C","ww",6,0.89217067,1.4209198,1.379263245,1.6732236,0.261812142278676,0.2950109
"142","CM105","ws",6,0,0,0.4120789745,2.0010054,0.643768360590916,0.50597766
"143","CM105","ww",6,0,0,0.6281686975,3.955031,1.18763771223322,0.4906202775
"144","CM174","ws",6,0,0,0.153846091,0.64413977,0.232020646625235,0.31625898
"145","CM174","ws",36,0,0.20451035,0.42911063,1.8957547,0.615539439682035,0.5398656375
"146","CM174","ww",6,0,0,0.110797913,0.5301233,0.190573398679417,0.1952430225
"147","CM174","ww",36,0,0.85597034,1.047019084,3.0233543,1.02574979693314,1.463030755
"148","CM37","ws",6,1.3371378,1.55735805,1.66994511,2.449498,0.339220755709161,0.2971531
"149","CM37","ws",36,1.6127578,3.1360846,2.92289455555556,4.265964,1.00944533198102,1.7561021
"150","CM37","ww",6,0.97491425,1.6697057,1.58399839444444,2.140606,0.349866096306986,0.3237621
"151","CM37","ww",36.0002777777778,1.5233015,4.485549,4.10504533333333,6.529645,2.07014734569111,3.918094
"152","CML103","ws",6,0,0.6418331,0.581577133636364,1.2753795,0.438602526028631,0.56150939
"153","CML103","ws",36,0,3.3035047,2.86736952727273,4.9456954,1.48644379389348,2.10625395
"154","CML103","ww",6,0,1.6415284,1.71076234545455,2.8989725,1.12004015932519,1.79591845
"155","CML103","ww",42,0,6.28195145,5.83810901,8.331317,2.31514254537135,1.455083175
"156","CML11","ws",6,0,0.302196325,0.293325967,0.5829534,0.234043448313723,0.440194045
"157","CML11","ws",36,0.89616436,1.1975748,1.238637286,1.5801443,0.276133696140692,0.534895775
"158","CML11","ww",6,0.13616621,0.49195115,0.489254811,0.8783187,0.242552109633966,0.3970260875
"159","CML11","ww",36,0.5531919,3.30307315,3.202625,4.8726854,1.47362948419442,2.31849275
"160","CML14","ws",6,0.13174431,0.192487785,0.215553852,0.46480486,0.0957993585340407,0.072273625
"161","CML14","ws",36,0.21967493,0.4847873,0.559971652,1.0934397,0.293288748329879,0.38426656
"162","CML14","ww",6,0,0.3199853,0.267582812,0.40140334,0.150452381121114,0.131481165
"163","CML14","ww",35.9969444444444,0.38232663,1.8391585,1.645187069,3.096474,0.809196043702622,0.969951125
"164","CML154Q","ws",6,0,0.05850671,0.203832988,0.76116145,0.292030115515931,0.26153258
"165","CML154Q","ws",30.0002777777778,0,0.93705705,1.037059374,2.1829133,0.782143115926082,1.128923945
"166","CML154Q","ww",6,0,0,0.160551857,0.8790398,0.295397785828523,0.2296368525
"167","CML154Q","ww",30.0002777777778,0,1.75440375,1.652281212,3.72159,1.35642664838768,2.294840885
"168","CML157Q","ws",6,0,0,0.0568230885,0.6024742,0.145254265043602,0
"169","CML157Q","ww",6,0,0,0.2817723705,1.4571058,0.489065207753451,0.3874709575
"170","CML158Q","ws",6,0.18936712,0.29668999,0.501485201,1.1121866,0.346939800279381,0.58130751
"171","CML158Q","ww",6,0,0.514880575,0.567261102,1.1157464,0.357804274600363,0.4911278375
"172","CML158Q","ww",42.0002777777778,3.2371213,7.86162025,7.53781162,11.662758,2.35325205751435,1.91521115
"173","CML218","ws",6,0,0,0.02857234086,0.27890104,0.0879826676139464,0
"174","CML218","ws",30.0002777777778,0,0,0.17118537,0.9268597,0.362436228030336,0
"175","CML218","ww",6,0,0,0.17950899,0.7641252,0.299388172760717,0.3247587
"176","CML218","ww",30,0,0,0.95722873,3.7839675,1.56224463781582,2.04332955
"177","CML220","ws",6,0,0.11009079,0.264680518,0.921006,0.325281305136745,0.49323159
"178","CML220","ws",30.0002777777778,0,1.47732945,1.32014342,2.0731356,0.588177883067442,0.65119215
"179","CML220","ww",6,0,0.23471482,0.360205025,1.2688978,0.437405857501451,0.6395972275
"180","CML220","ww",30,0,3.2636578,2.90527796,4.1749516,1.1912196494031,1.158048775
"181","CML228","ws",6,0.8512547,1.3207477,1.30173042,1.5817534,0.248529052136673,0.3541083
"182","CML228","ws",30.0002777777778,2.0121791,3.19277335,2.99681634,3.4984555,0.468979470739852,0.427097
"183","CML228","ww",6,1.1390876,1.4506236,1.44284164,1.822523,0.226710659911082,0.33011845
"184","CML228","ww",29.9997222222222,4.336618,4.7789774,4.91161098,5.73773,0.500939739835989,0.85105575
"185","CML254","ws",6,1.5498421,2.1214788,3.17611049473684,5.1974745,1.41336184788954,2.72656525
"186","CML254","ww",6,1.6180695,2.46675965,4.5478247375,8.414957,2.99520902461974,5.6569062
"187","CML258","ws",6,0,0.20147846,0.182199684,0.48128092,0.178370356560804,0.2978845
"188","CML258","ws",30.0002777777778,0,1.48020255,1.429794933,2.2810235,0.664566621593052,0.6499588
"189","CML258","ww",6,0,0.018586062,0.0826856269,0.38149148,0.123555155417239,0.14009381875
"190","CML258","ww",30.0002777777778,1.473828,3.0609229,2.97556461,3.8074958,0.701060917454473,0.874450075
"191","CML261","ws",6,0.31549832,1.285368675,1.591748392,3.138953,1.07124218453267,1.99167475
"192","CML261","ww",6,0.59999996,2.4128237,2.6093792,5.7372136,1.95107605397203,3.532145675
"193","CML277","ws",6,0.38624206,0.61300555,0.667538341,1.4861258,0.321228452488434,0.1912947775
"194","CML277","ws",42,1.5882087,3.96420725,3.78274289,5.5752063,1.05229699853048,0.831130550000001
"195","CML277","ww",6,0,2.1453495,1.95134928181818,2.8182325,0.8119527096916,0.74806995
"196","CML277","ww",42,2.7416294,8.2440605,7.48845857272727,12.606361,2.60877823510461,2.68929165
"197","CML281","ws",6,0,0.5063156,0.576139107,1.1322293,0.326003307027627,0.4924206
"198","CML281","ww",6,0.116510965,1.2549193,2.17769892675,5.905769,1.85880190778516,3.25294608
"199","CML287","ws",6,0,0.19765,0.433664709,1.5891912,0.546690900160092,0.6697485125
"200","CML287","ww",6,0,0.40208512,0.9307053865,4.7637253,1.39198912253702,0.9401861625
"201","CML314","ws",6,0.19670056,0.78809245,0.824506125555556,1.8702501,0.444333201075098,0.4715615375
"202","CML314","ww",6,0,0.8410449,2.03565153647059,4.850436,1.8099628101338,3.3208896
"203","CML321","ws",6,0.23284088,0.67957847,0.67659159,1.1297268,0.228272599074324,0.1839347575
"204","CML321","ws",36.0002777777778,0.2914137,2.5212632,2.147544215,3.1024535,1.0666033471807,1.39958855
"205","CML321","ww",6,0.7522637,0.92552027,1.051183755,1.5550709,0.289774562548231,0.28019597
"206","CML321","ww",36,1.2866015,4.1310445,3.75604544,5.788223,1.83555429167974,3.300008525
"207","CML322","ws",6,0,0,0,0,0,0
"208","CML322","ws",30,0,0.426552355,0.531605074,1.4513416,0.558211167932563,0.7456504675
"209","CML322","ww",6,0,0,0,0,0,0
"210","CML322","ww",36.0002777777778,0,1.5963571,1.655748423,4.223638,1.22816584015281,1.3486873325
"211","CML323","ws",6,0,0.394106615,0.376814258,0.75288993,0.261241076754457,0.30347361
"212","CML323","ws",36,1.2359933,1.90262335,1.93779615,2.6296098,0.486805965767674,0.7730132
"213","CML323","ww",6,0.13440807,0.65574068,0.631582751,0.9516205,0.262907746018151,0.358137555
"214","CML323","ww",36,3.6980298,4.4810047,4.48635998,5.2771688,0.45454069389623,0.4964921
"215","CML328","ws",6,0.06663335,0.325674725,0.366602627,0.7655193,0.235628909375116,0.34754798
"216","CML328","ws",24.0002777777778,1.1250987,1.2717522,1.44321764,1.859709,0.289239845683586,0.486198975
"217","CML328","ww",6,0.15252176,0.242748275,0.332253376,0.7500422,0.22290119778583,0.16226076
"218","CML328","ww",24.0002777777778,1.109552,1.92475,2.05059453,3.0797522,0.664457521809386,0.899952575
"219","CML331","ws",6,0,0.1532224325,0.1432411235,0.31690156,0.139020370694791,0.2548519925
"220","CML331","ws",24.0002777777778,0,1.1545873,0.831233582,1.8584132,0.693899080665324,1.24560622
"221","CML331","ww",6,0,0.000414200535,0.154408355107,0.59601307,0.223242919191575,0.29596359
"222","CML331","ww",30.0002777777778,0,1.18499165,1.50543875,4.317814,1.67680086406968,2.0708239
"223","CML332","ws",6,0,0.221850015,0.201558251,0.53816694,0.20007270799129,0.299892365
"224","CML332","ws",36,0,1.7766649,1.596097353,2.4463222,0.809500027622472,0.708575775
"225","CML332","ww",6,0,0.232951935,0.3259401,0.7595754,0.306381709697795,0.5618158825
"226","CML332","ww",36.0002777777778,1.5819227,3.97805585,3.97043777,5.239506,1.05502690811612,1.023902125
"227","CML5","ws",6,0.5759808,0.810371025,0.847140233,1.1482521,0.173156021511346,0.16942937
"228","CML5","ws",36,2.1270976,2.7443807,2.72522928,3.1770523,0.323507709523676,0.28729715
"229","CML5","ww",6,0.62114555,1.1758037,1.156202539,1.802216,0.339969209964819,0.41403875
"230","CML5","ww",36,1.8463484,4.7029223,4.56105824,6.608043,1.64910441571149,2.638365
"231","CML52","ws",6,0,0.278152975,0.36011427,1.0042881,0.351678120589281,0.5755876125
"232","CML52","ws",36.0002777777778,0.81838375,2.11208805,2.105926245,3.329356,0.906287736956,1.513373025
"233","CML52","ww",6,0,0.335742845,0.549957349,1.623612,0.629934395842737,1.111514425
"234","CML52","ww",35.9997222222222,0,3.732628,2.554767116,4.540232,2.05964230719738,3.971134105
"235","CML61","ws",6,0,2.6420417,3.86769419565217,20.563316,5.30792078182786,3.9890466
"236","CML61","ww",6,0,0.009455612,0.121520893720833,0.46653602,0.163507943108676,0.234807450325
"237","CML91","ws",0,0,0,0,0,0,0
"238","CML91","ws",29.9997222222222,0,0,0,0,0,0
"239","CML91","ww",0,0.57941735,0.84007215,0.905680072,1.3842348,0.231728612960821,0.2949592775
"240","CML91","ww",30,0,0,0,0,0,0
"241","CML92","ws",6,0,0,0.067977194,0.48545414,0.158890647371372,0
"242","CML92","ws",36,0.24959104,1.26215885,1.193139602,2.1710033,0.625739822539783,0.797294475
"243","CML92","ww",6,0,0,0.067365039,0.2306218,0.108500391329092,0.1646433675
"244","CML92","ww",36.0002777777778,0,1.154286775,1.67233682,4.2226243,1.67394684439054,2.6028679375
"245","CMV3","ws",6,1.0470055,1.2982918,1.30169906,1.7070338,0.205402014648111,0.283600525
"246","CMV3","ws",30,1.2615124,1.8345848,1.81228262,2.4465861,0.342207980209985,0.443412
"247","CMV3","ww",6,1.1586105,1.7812857,1.70294648,2.1219606,0.320324464985749,0.39894695
"248","CMV3","ww",36,3.0516913,4.80462835,4.69362768,6.4926987,0.966807049539243,0.5792027
"249","CO106","ws",0,0,0,0.072334541,0.5703858,0.181479642236375,0
"250","CO106","ws",30.0002777777778,0,0,0.859738444444444,2.391571,1.06971474820107,1.7215868
"251","CO106","ww",0,0,0,0.030972558,0.30972558,0.0979438282416694,0
"252","CO106","ww",30,0,0.401789515,0.754312641,4.836515,1.45431826005095,0.5126602475
"253","CO125","ws",6,0.84458774,1.2284452,1.401669294,2.1299653,0.511216546693337,0.823242525
"254","CO125","ws",29.5516666666667,1.01043,2.0463777,2.45224694,4.2162595,1.07219318847216,1.669272575
"255","CO125","ww",6,0.6488669,0.9003895,1.02949444,1.7739155,0.345374275490203,0.461532075
"256","CO125","ww",42.8669444444444,3.7329116,4.9733617,5.07757299,6.5703745,0.940622397550132,1.241504925
"257","D940Y","ws",6,0,0,0.3380076315,2.997206,0.778248780526079,0.2234144725
"258","D940Y","ww",6,0,0,0.435836744,4.876457,1.21092496325559,0.0491666075
"259","DE1","ws",6,1.0830945,1.8203049,2.65718119411765,4.9387293,1.38670518995066,2.5010332
"260","DE1","ww",6,1.3231544,2.2969654,3.6058946,7.4147615,2.26663958330636,4.019025
"261","DE2","ws",6,0,0.0898637675,0.09282996125,0.26476032,0.093997754879217,0.1639448775
"262","DE2","ws",54,2.074159,4.7116005,4.477085575,5.751021,1.16201619112989,1.1361538
"263","DE2","ww",6,0,0.13618143,0.116954195454545,0.45241594,0.140811112222787,0.159800635
"264","DE2","ww",42,2.8664787,5.0463996,4.6475407,5.8841953,0.926148440765668,1.1657266
"265","DEEXPT1","ws",6,0.15804127,0.4701294,0.43845682,0.6217506,0.134643864584525,0.1690340225
"266","DEEXPT1","ws",36,0.567744,1.3023473,1.31248377,2.147341,0.425549225101661,0.408056175
"267","DEEXPT1","ww",6,0.3523501,0.44650159,0.56566387,1.1030797,0.263198537269993,0.24419025
"268","DEEXPT1","ww",36.0019444444444,0.8676634,1.84594795,2.9598464,9.9965,2.78606698415509,2.10549635
"269","E2558W","ws",6,0,0,0.017482558,0.17482558,0.055284702605998,0
"270","E2558W","ws",34.8336111111111,0,2.7306445,2.36891348,4.289099,1.75318101691873,3.246941225
"271","EP1","ws",0,0,0.060368265,0.107390987,0.35167736,0.136086074996414,0.143704015
"272","EP1","ws",30.0002777777778,0,0.616697635,0.565665368,1.1590291,0.380889948303786,0.4617543075
"273","EP1","ww",0,0,0,0.068627315,0.31420875,0.11686326765424,0.115411935
"274","EP1","ww",30.0002777777778,0,1.051092825,0.946682745,1.8510675,0.564426692835814,0.760106125
"275","F2834T","ws",6,0,0,6.3531045e-05,0.0012706209,0.000284119470603196,0
"276","F2834T","ww",6,0,0,0.0342367315,0.5290822,0.121549768374432,0
"277","F44","ws",6,0.31804454,0.6074653,0.71728172,1.3265883,0.316119575150812,0.350692835
"278","F44","ws",44.3186111111111,1.7033465,3.38467895,3.44488107,5.254279,1.18377910490558,1.852804625
"279","F44","ww",6,0.35919684,0.65734915,0.68596999,1.081282,0.238401805384827,0.31170768
"280","F44","ww",44.3216666666667,3.5097303,4.3262168,4.39264897,6.3139434,0.828567276475937,0.859718899999999
"281","F7","ws",6,0,0,0.06453092,0.3277774,0.136064556410851,0
"282","F7","ws",36,0,0.65708523,0.704971756,1.5608351,0.597274630956364,1.1094327
"283","F7","ww",6,0,0,0.107212347,0.3272727,0.14035134761393,0.24919804
"284","F7","ww",35.9502777777778,0,1.24025465,1.539753158,3.1499026,1.12577919172767,1.87830609
"285","GA209","ws",6,0.14249614,0.42069982,0.44500746,0.780797,0.204287238332983,0.1867088575
"286","GA209","ws",30.0002777777778,1.5783042,1.94794525,2.118104,3.0069466,0.464004723697119,0.42778355
"287","GA209","ww",6,0.23600477,0.377419175,0.42331287,0.7300521,0.163133602591753,0.1879446425
"288","GA209","ww",30.0002777777778,1.9145706,3.5179135,3.41272487,4.360204,0.693246590802893,0.462985825
"289","GF112","ws",6,0,0.16706526,0.245244357,0.78179467,0.255278490428835,0.369771105
"290","GF112","ws",36.0486111111111,0,1.2670229,1.295781726,2.5711532,0.817847669638887,0.94820638
"291","GF112","ww",6,0,0.163838155,0.225574706,0.7793076,0.272458829170036,0.2944322575
"292","GF112","ww",35.9536111111111,0.39164835,1.9302568,2.073262121,4.706444,1.46779245043241,1.626554305
"293","H105W","ws",6,0,0,0.095414223,0.5890293,0.207959458763999,0
"294","H105W","ws",36,0,0,0,0,0,0
"295","H105W","ww",6,0,0,0.168993783,0.59627795,0.244469787473682,0.336588785
"296","H105W","ww",36.0008333333333,0,0,0,0,0,0
"297","H49","ws",6,0.32466474,0.50795542,0.519029099,0.76775336,0.119934999395751,0.0963856275
"298","H49","ws",36,0.37048078,1.579245,1.522278341,2.2772684,0.641547516725666,0.7467503
"299","H49","ww",6,0.45462137,0.58346395,0.586264218,0.7242982,0.0952534230486406,0.1284025475
"300","H49","ww",36,1.3350208,3.886891,3.65706105,5.077096,1.24588892391359,0.431780224999999
"301","H84","ws",6,0,0.831174105,1.4567876185,3.042911,1.10453717740838,2.12304005
"302","H84","ww",6,0.4184891,1.34287165,2.028673475,5.0189967,1.53471911901799,2.2957568275
"303","H95","ws",6,0,1.5891599,1.443763624,2.2446675,0.65753567223704,0.764174975
"304","H95","ww",6,0.37934566,0.558761375,0.553633156,0.6702966,0.0982510097770936,0.1453129525
"305","H95","ww",35.9994444444444,0.4300328,2.7665901,2.53874869,5.1965923,1.29396071827161,0.970137025
"306","HP301","ws",6,0,0.032965185,0.182065554,0.73541015,0.267023014899474,0.24039895
"307","HP301","ws",24.0008333333333,0.1344556,1.2862813,1.375948069,2.4392958,0.790299430435908,1.19672739
"308","HP301","ww",6,0,0.11012253,0.141075206,0.62558883,0.178620768237356,0.0663041775
"309","HP301","ww",23.0830555555556,0,2.33534335,1.924776606,2.7298594,0.999909855549329,0.41534815
"310","HY","ws",6,0.5401174,0.82120793,0.838033319,1.3929719,0.263186619978666,0.3300538475
"311","HY","ws",30,0.7913847,2.6099405,2.43919959,3.277721,0.79167235102288,0.488123375
"312","HY","ww",6,0.19796126,0.41513705,0.522850714,1.1888101,0.367706987099355,0.38145011
"313","HY","ww",35.9961111111111,2.801263,4.5021386,4.40881022,5.9378004,0.928378375026368,0.36048005
"314","I137TN","ws",6,0.2468572,0.53761563,0.6353381515,1.1014016,0.246270164360247,0.271410735
"315","I137TN","ww",6,0.30561578,0.99129755,2.2550982965,6.000393,2.13606811723966,4.040602065
"316","I29","ws",6,0,0.24506389,0.509389103,1.3506638,0.548895712421461,1.0207821375
"317","I29","ws",30,0,2.74164795,2.13415155,4.2007895,1.59219680842695,2.705304025
"318","I29","ww",6,0,0.144208388,0.3024084346,1.2350376,0.405478494487273,0.4972594925
"319","I29","ww",35.9994444444444,0,3.5087771,3.01570996,7.0210247,2.79323691046162,5.314688525
"320","IA5125","ws",6,0.43904898,1.35197205,1.4922758765,3.1533031,0.826347188760682,1.3586840875
"321","IA5125","ww",6,0,1.4964926,2.142752615,5.744589,1.63488078551198,2.651759875
"322","IDS28","ws",6,1.0924793,1.8038771,2.54292731666667,5.3407354,1.45318433037405,2.025269075
"323","IDS28","ww",6,0.7428042,2.2511408,3.42383376666667,8.089476,2.4491576254738,2.47841265
"324","IDS91","ws",6,0.18541887,1.05323845,1.239919135,2.646914,0.832300394028607,1.54231803
"325","IDS91","ww",6,0,0.944659275,2.023578971,5.363905,1.86449594106712,3.5346693675
"326","IL101T","ws",6,0,0,0.123612685,0.5933274,0.19977242330612,0.2143902375
"327","IL101T","ws",29.7169444444444,0.41265568,0.840278,0.930149138,1.5631132,0.399106121160033,0.581975855
"328","IL101T","ww",6,0,0,0.0911541028,0.4932054,0.159895875679998,0.1491657595
"329","IL101T","ww",28.7841666666667,0.14051843,1.3411845,1.365738223,2.6953592,0.896791086002451,1.450629975
"330","IL14H","ws",6,0,0,0,0,0,0
"331","IL14H","ws",35.9763888888889,0,0,0.28812492,1.572603,0.610598556712398,0
"332","IL14H","ww",6,0,0,0.032218263,0.32218263,0.101883093334329,0
"333","IL14H","ww",35.9877777777778,0,0,0.091211075,0.91211075,0.288434744832443,0
"334","K148","ws",6,0.22119135,0.51217617,0.5708738275,1.9949476,0.368456708390257,0.16680346
"335","K148","ww",6,0.17152692,1.07793545,1.8225464865,5.7544956,1.69278090513931,1.83748147
"336","K55","ws",6,0.30096263,0.631532315,0.599005306,0.7351803,0.13971503595799,0.1556011
"337","K55","ws",35.9997222222222,0.8480045,0.919605345,0.987462558,1.4180758,0.180537580670882,0.2099187125
"338","K55","ww",6,0,0.67534665,0.637623064,0.9669579,0.253823753745204,0.1185193475
"339","K55","ww",36,0.8419663,2.64039875,2.74624189,4.913107,1.39489627060012,2.067055775
"340","K64","ws",6,0.43580446,0.96060437,1.0677455225,2.2534313,0.517894214519572,0.7924962
"341","K64","ww",6,0.5521534,1.4308735,1.636563334,3.9390638,0.998925984931322,1.442699725
"342","KI14","ws",6,0,0.13021616,0.103512715,0.18222177,0.0744704934204135,0.12971347
"343","KI14","ws",36,0,0.97703375,0.992762837,2.0080547,0.673433539319161,0.889287615
"344","KI14","ww",6,0,0.050206185,0.118400704,0.3447627,0.135453644399045,0.25569722
"345","KI14","ww",36.0027777777778,0,1.3749406,1.476791641,4.0152354,1.08895906418652,1.3416832
"346","KI21","ws",6,0,0.747114685,0.8827784365,2.2052152,0.639555848462243,1.08649602
"347","KI21","ww",6,0.28236568,1.431936675,1.9602255695,4.491239,1.59922181400977,3.04872032
"348","KI44","ws",6,1.0805984,1.5894454,1.60484051,2.0557864,0.256911783272099,0.255965725
"349","KI44","ws",29.3313888888889,1.0609553,2.38757705,2.32985178,3.6329167,0.957528633526284,1.55074265
"350","KI44","ww",6,2.0461323,2.8415823,2.77504046,3.325734,0.399119749602759,0.506062674999999
"351","KI44","ww",29.2908333333333,3.9023998,4.96963215,5.03494327,6.2683015,0.609763689142768,0.4153599
"352","KY228","ws",6,0.29594493,0.5731805,0.538714006,0.766084,0.170620370886224,0.2863692225
"353","KY228","ws",36,0.49538207,1.47894235,1.423003583,2.4173858,0.578464565913884,0.508319575
"354","KY228","ww",6,0,0.4113856,0.492316679,0.8794474,0.277579978221112,0.4223070875
"355","KY228","ww",36.0002777777778,0.64083,1.1080028,1.60915607333333,3.9547725,1.09482597765074,1.095188
"356","L317","ws",6,0,0.137413705,0.144569495,0.45011872,0.136424307191344,0.16417117
"357","L317","ws",10.7666666666667,0,0.23028117,0.24318056,0.66249657,0.165973051181032,0.109288155
"358","L317","ws",34.7666666666667,0,0.580480905,0.668736703,2.2620332,0.654287505203008,0.562613345
"359","L317","ww",6,0,0.28968419,0.289072896,0.8271985,0.265380172431957,0.367020455
"360","L317","ww",35.9966666666667,0,2.20212925,1.726769036,3.3793223,1.24944254036933,2.001297455
"361","L578","ws",6,0.6105563,1.10354805,1.050935963,1.5974019,0.298586858160738,0.33047051
"362","L578","ws",29.9997222222222,1.6980472,3.39767945,3.45663828,5.002506,0.989919638223676,0.91540015
"363","L578","ww",6,0.6711472,1.42943895,1.32883613,1.7713734,0.379160562367677,0.47834835
"364","L578","ww",29.9997222222222,3.5443218,4.2779834,4.67181289,6.135878,0.873885179622789,1.3693409
"365","M14","ws",6,0.38532874,0.685326685,0.636967068,0.8854875,0.170453639885774,0.27016139
"366","M14","ws",30.0002777777778,1.298011,1.965205,1.8813062,2.3062713,0.304324906746677,0.31023195
"367","M14","ww",6,0.41779122,0.669595505,0.663621744,0.9360452,0.157630273746455,0.1668914775
"368","M14","ww",29.9955555555556,2.6716154,3.8375144,3.77458013,4.4024825,0.528068793633046,0.582835350000001
"369","M162W","ws",6,0,0,0.02967004,0.2967004,0.0938249046683022,0
"370","M162W","ws",29.9997222222222,0,0,0.042293954,0.16621786,0.0697260211104246,0.07898919
"371","M162W","ww",6,0,0,0.019350157,0.12651575,0.0431393727352126,0
"372","M162W","ww",30,0,1.1436831,1.312602752,3.2996075,0.969944830620161,1.0379420375
"373","M37W","ws",6,0,0,0,0,0,0
"374","M37W","ws",36,0,0,0.35116886,2.4290056,0.805472601160569,0
"375","M37W","ww",6,0,0,0,0,0,0
"376","M37W","ww",36.0002777777778,0,0,0,0,0,0
"377","MEF156-55-2","ws",6,0.22251984,0.704740665,0.9298143485,2.5574737,0.622220138509553,0.61473695
"378","MEF156-55-2","ww",6,0.27640617,1.1654484,1.4321165475,3.279582,1.01864977092395,1.5302699875
"379","MO17","ws",6,0,0,0.05734684,0.35453033,0.125050670976643,0
"380","MO17","ws",36,0,1.120479435,1.073032537,2.4412253,1.05694788609883,1.97446285
"381","MO17","ww",6,0,0,0.13318038,0.4397595,0.176846700537624,0.2914767
"382","MO17","ww",36,0,0.881520715,1.468205863,3.787569,1.6138453242753,2.829405425
"383","MO18W","ws",6,0,0,0.17516577,0.5640624,0.233911942276127,0.3732857975
"384","MO18W","ws",36,0,1.31831425,1.44983299,3.3661036,1.30316582489573,2.267371975
"385","MO18W","ww",6,0,0,0.308528764,1.0741131,0.433901311776134,0.58299821
"386","MO18W","ww",36.0002777777778,0,0.4961005,1.93495004,6.2421365,2.62878206989253,4.192973475
"387","MO24W","ws",6,0,0.749727615,0.841142112,2.2170174,0.52859432921632,0.40360559
"388","MO24W","ww",6,0.48663762,1.41102025,2.022890736,5.6738997,1.57931040121273,2.0201966225
"389","MO44","ws",6,0,0.09627193,0.101120825,0.27059388,0.100649195151869,0.18554665
"390","MO44","ws",30,0.7385575,1.4768886,1.43477111,1.8234141,0.316280541713543,0.382614575
"391","MO44","ww",6,0,0.160660195,0.152878988,0.31177017,0.120659411366394,0.20626424
"392","MO44","ww",30,3.027375,3.5550526,3.67870355,4.3361754,0.465389574831821,0.7447196
"393","MO46","ws",6,0,0.353039445,0.492247362,1.9353256,0.548017477707767,0.77236095
"394","MO46","ww",6,0,0.266944285,0.823605944,5.239836,1.44419725391181,0.6616547825
"395","MOG","ws",6,0.69541395,1.2922834,1.58121374315789,2.7367191,0.700643932973827,1.352033665
"396","MOG","ww",6,1.0441277,2.04357615,2.605811365,5.2809544,1.45579076886957,2.1644731
"397","MP339","ws",6,0.4397595,1.57893785,1.731255219,3.3832521,1.03528334707112,2.0340910375
"398","MP339","ww",6,0.545433,1.2909781,2.5676348225,8.173228,2.27406733383949,3.6972747875
"399","MS1334","ws",6,0.860661,1.11678525,1.13733363,1.4759822,0.205738332610155,0.25072865
"400","MS1334","ws",30,1.7398355,2.1479826,2.18027127,2.701877,0.350035281787467,0.610817325
"401","MS1334","ww",6,0.7426348,1.02962995,1.088400526,1.5319842,0.238264233681953,0.290150405
"402","MS1334","ww",30.0002777777778,2.7435584,3.5969859,3.58821372,4.6465464,0.709555358302701,1.158376025
"403","MS153","ws",6,0,0.80936413,1.124837457,2.5602052,0.806198324654988,1.3821606575
"404","MS153","ww",6,0.45739865,1.48856555,1.9652658325,5.02897,1.40175492855605,1.868702275
"405","MS71","ws",6,0.16464336,0.40533666,0.407596048,0.60439163,0.153269877039623,0.2393340525
"406","MS71","ws",35.9683333333333,1.6876067,2.05224255,2.06073174,2.4900358,0.221730424406075,0.235621625
"407","MS71","ww",6,0.19999999,0.48879871,0.477711083,0.90628797,0.200482619354789,0.188532155
"408","MS71","ww",35.9594444444444,0.6668044,2.80738545,3.02950121,5.142333,1.60763541851009,2.345411225
"409","N192","ws",6,0,0.214069285,0.20011577884,0.4371013,0.158233498417832,0.2645206337
"410","N192","ws",23.1666666666667,0.6140207,1.2835374,1.321402901,2.0996177,0.481365098427418,0.58445203
"411","N192","ww",6,0,0.182857595,0.316485605,1.2205032,0.398748107480185,0.48052966
"412","N192","ww",23.0175,0.4558526,2.5423952,2.24959125,3.532566,0.963438410464391,1.259606825
"413","N28HT","ws",6,0,0.9803419,1.259655944,3.7001674,1.15317759054723,1.661357695
"414","N28HT","ww",6,0,0.485283065,1.4493270905,5.383552,1.80653874155942,2.25945343
"415","N6","ws",6,0,0,0.01823361,0.1823361,0.0576597375672228,0
"416","N6","ws",47.9997222222222,0,0.5949313,1.46600649,6.3428154,2.054043446708,2.008783075
"417","N6","ww",6,0,0,0,0,0,0
"418","N6","ww",35.9997222222222,0,1.078254,1.586589073,6.308845,1.82940743899036,1.2318361375
"419","NC222","ws",6,0,0,0.1145885875,1.3167201,0.309293522409411,0
"420","NC222","ww",6,0,0,0.367457601,3.3476055,0.939676245963329,0
"421","NC230","ws",6,0,0.0255769825,0.1041979195,0.44685185,0.150098418047686,0.1786512225
"422","NC230","ws",53.9997222222222,1.7676553,3.6395418,3.5283388,4.3283257,0.786182475158635,0.738210350000001
"423","NC230","ww",6,0,0,0.0805539425,0.293015,0.118730580696776,0.16090835625
"424","NC258","ws",6,0,0.448593035,0.414211761,0.77675754,0.203375383446897,0.1926636675
"425","NC258","ws",36,0.32524624,0.916742085,1.087342723,2.0271227,0.709903557074451,1.224981425
"426","NC258","ww",6,0.68466073,0.838336715,0.955041041,1.4771204,0.248248694094408,0.2400080125
"427","NC258","ww",36.1505555555556,0,0.44740045,1.335839396,4.881321,1.67034492599183,1.1918174675
"428","NC260","ws",6,0,0.085064655,0.139848174,0.4486486,0.162415539059632,0.2562692875
"429","NC260","ws",36,0,0.51335874,0.463401398,1.4372874,0.434437918049386,0.514938165
"430","NC260","ww",6,0,0.203291405,0.1883404105,0.49355814,0.163458156550858,0.25161800625
"431","NC260","ww",36,0,2.82307,2.42971006,4.688607,1.5459726720403,1.651992025
"432","NC262","ws",6,0,0.145729455,0.116681071,0.377513,0.121169347283577,0.1579248925
"433","NC262","ws",36,0,0.217629755,0.258933704,0.5414165,0.220857708229698,0.4017468225
"434","NC262","ww",6,0,0,0.103664424,0.46315083,0.156566507002128,0.1818181775
"435","NC262","ww",36,0,1.4025196,1.327964025,2.924486,0.988040672973543,1.4912609125
"436","NC264","ws",6,0,0.32376044,1.3270603835,5.077383,1.71428873160553,2.2386129
"437","NC264","ww",6,0,0.500232275,0.836885314,1.9800167,0.779269975620083,1.4614897975
"438","NC294","ws",6,0,0.038229675,0.098125429,0.34271908,0.132673653865771,0.124529525
"439","NC294","ws",30.35,0.6070227,1.4350892,1.35556003,1.7782735,0.361833485935528,0.463853175
"440","NC294","ww",6,0.057537336,0.19081911,0.1973381926,0.45903084,0.116680472072011,0.10634871
"441","NC294","ww",30.395,0.8255334,2.79677,2.66928473,3.593353,0.793991273612418,0.8827333
"442","NC296","ws",6,0,0.017141981,0.0570474566,0.15757576,0.0680297212685125,0.1274405585
"443","NC296","ws",36,0,0,0.196282972,1.5805789,0.501007351636498,0
"444","NC296","ww",6,0,0,0.065176624,0.18982375,0.0847837740209829,0.154322
"445","NC296","ww",36,0,0,0.60625832,3.2698622,1.11535222965312,0.76667475
"446","NC296A","ws",6,0,0,0.075963945,1.5192789,0.33972108971811,0
"447","NC296A","ww",6,0,0,0.0951360885,1.0116272,0.293474792045938,0
"448","NC300","ws",6,0,0,0.174298497,1.4246649,0.377249978778082,0.0677596325
"449","NC300","ww",6,0,0,0.2785180395,2.0098095,0.500829774202831,0.42187621
"450","NC304","ws",6,1.1307904,1.3319099,1.36276075,1.6402844,0.142617079914272,0.1306443
"451","NC304","ws",30,2.0348997,2.3595204,2.45292017,2.8917997,0.316536238589142,0.533212225000001
"452","NC304","ww",6,1.2380182,1.73333595,1.69315876,1.9852557,0.22390810649296,0.19597825
"453","NC304","ww",30,1.7376701,3.2353557,3.38985957,5.0015097,1.09610956535501,1.4867115
"454","NC306","ws",6,0.8938726,2.26143765,2.43592193,3.7933385,0.967633430871818,1.698834725
"455","NC306","ww",6,1.3391553,2.7710252,3.19418854,5.876899,1.53720054942869,2.82463045
"456","NC310","ws",6,0.41372237,1.6769833,1.901899055,3.4877145,0.997452437165103,1.73801975
"457","NC310","ww",6,0.913564,1.9711525,3.0221749675,6.5299454,2.11576092960248,3.88106865
"458","NC314","ws",6,0,0.11853095,0.1494079,0.4024717,0.163719125022079,0.2681818
"459","NC314","ws",10.7666666666667,0,0.35289982,0.364255594545455,0.71792436,0.241561565274286,0.356506295
"460","NC314","ws",34.7666666666667,0,1.7945118,1.6869559,2.316892,0.650635973858011,0.42662425
"461","NC314","ww",6,0,0.255015265,0.316854133,0.7724701,0.329033422609798,0.607655975
"462","NC314","ww",35.9997222222222,0,3.23547125,2.68714282,4.2099257,1.53527454405395,2.036792775
"463","NC318","ws",6,0.42700398,0.558961,0.603911817,0.902852,0.170278425146572,0.20520847
"464","NC318","ws",36.0002777777778,1.2480783,2.1573389,2.09603837,3.3642883,0.559506051175052,0.324290475
"465","NC318","ww",6,0.49864316,0.66402085,0.735926721,1.1550102,0.219550686828306,0.296908045
"466","NC318","ww",36,2.5093656,4.413317,4.30895404,5.634162,1.05615493773089,1.42448935
"467","NC320","ws",6,0.09913256,0.41425486,0.425915098,0.64241225,0.150065668423552,0.1156678225
"468","NC320","ws",36,0.616724,1.12402315,1.195524257,1.7332419,0.342415256636455,0.504729475
"469","NC320","ww",6,0.37595302,0.52796737,0.559277102,0.754768,0.122204563084881,0.13209691
"470","NC320","ww",36,1.4108602,3.12676585,3.09451255,4.3130293,0.965203056591728,1.526523475
"471","NC324","ws",6,0.47529095,1.9673989,1.8300534095,3.0504088,0.940355537787085,1.7642392575
"472","NC324","ww",6,0.84492147,1.5176218,2.4059161815,5.2739186,1.56232055709392,2.441260175
"473","NC328","ws",6,0,0.354460485,0.327506368,0.49393007,0.146620485651951,0.1421833175
"474","NC328","ws",36,0.8427441,1.2965436,1.256684024,1.7628443,0.300874703514436,0.4145658
"475","NC328","ww",6,0,0.54201168,0.53610572,0.8250671,0.213589619414025,0.1148230375
"476","NC328","ww",36,1.911254,2.7588157,2.86233214,3.772017,0.618276937039632,0.773086525
"477","NC33","ws",6,0,0.127860482,0.1491481054,0.3692496,0.13509329999744,0.2411677775
"478","NC33","ws",36,0,1.05639465,1.057983464,1.9279937,0.605220402971605,0.81846864
"479","NC33","ww",6,0,0.214065105,0.141581622,0.2844583,0.123525704575551,0.2340731925
"480","NC33","ww",36,0.5041947,2.12174645,1.982541865,3.414203,0.95162272498853,1.137359425
"481","NC336","ww",6,0,0.038330637,0.072938738,0.19582418,0.0795818046842563,0.12121212
"482","NC336","ww",28.7541666666667,2.3205078,3.1102649,3.15171635,3.688216,0.433889525209648,0.6125494
"483","NC338","ws",6,0,0,0,0,0,0
"484","NC338","ws",36,0,0.211947599,0.4556243238,1.3110182,0.534699647628435,0.87455221
"485","NC338","ww",6,0,0,0.02941396,0.2941396,0.0930151086050863,0
"486","NC338","ww",36,0.8363447,1.60726275,1.5168486,2.56798,0.505221302446091,0.5569689
"487","NC342","ws",6,0,0.18841122,0.270471565,0.7608289,0.308441819668662,0.4704622675
"488","NC342","ws",54,3.1829958,4.7810893,5.08222941111111,7.2764235,1.30268164466162,1.360254
"489","NC342","ww",6,0,0.24875428,0.255970926,0.7533466,0.262217995477928,0.4156083275
"490","NC342","ww",36.0008333333333,2.909956,5.6494813,5.72012389,8.356791,1.78792592452622,2.17034775
"491","NC346","ws",6,0,0,0.0676710714285714,1.4210925,0.310107807180192,0
"492","NC346","ww",6,0,0.116865687,0.8019786822,3.5667841,1.22693426053082,1.7249508
"493","NC348","ws",6,0.6532415,1.0633521,1.7868877725,3.5565429,1.08672394413894,1.926392425
"494","NC348","ww",6,0.7530775,1.22521445,2.19604328,5.2376595,1.61084190346858,2.297932575
"495","NC350","ws",6,0.16307423,0.392428545,0.359623753,0.47137624,0.103553702843685,0.13201585
"496","NC350","ws",36,0.41917446,0.9470992,1.126043319,2.048778,0.626473819526332,1.0597628025
"497","NC350","ww",6,0.43904898,0.544710755,0.560016824,0.7515894,0.0972433501276403,0.1250654625
"498","NC350","ww",36,0.79369086,3.74806015,3.420055686,4.7012014,1.18595588612775,1.328561025
"499","NC354","ws",6,0.55277765,0.84362307,0.957516215,1.5513685,0.379006096126195,0.656281815
"500","NC354","ws",24.0002777777778,1.0886335,2.1035637,2.10709084,3.2040172,0.833753273353555,1.475161025
"501","NC354","ww",6,0.48588616,0.86129735,0.885622976,1.3011042,0.27002617448565,0.327077955
"502","NC354","ww",30.0002777777778,1.441132,3.07623875,3.07809564,4.8905363,1.11570063984838,1.1230613
"503","NC356","ws",6,0.31755266,0.50815711,0.536919904,1.0175744,0.212073545948521,0.221939205
"504","NC356","ws",24,1.5842957,1.91812435,1.96019361,2.4376452,0.292580814095234,0.505028125
"505","NC356","ww",6,0.21127085,0.438351465,0.424533322,0.640247,0.14099624323624,0.2122595175
"506","NC356","ww",24.0013888888889,1.5582004,2.3912237,2.47118719,3.6834838,0.763189099116006,1.0917911
"507","NC360","ws",6,0,0.264694605,0.588170503888889,2.018467,0.671407683272482,0.8699720425
"508","NC360","ww",6,0,0.585578425,1.414508546,4.1052656,1.44665395323407,2.2778584625
"509","NC362","ws",6,0.27272725,0.5131175,0.537253919,0.8975633,0.207710509101793,0.222725665
"510","NC362","ws",36,0.73029256,2.1747403,1.947179596,3.0359032,0.833585918153541,1.329118575
"511","NC362","ww",6,0,0.825491995,0.786517877,1.2738955,0.38667292663778,0.38545054
"512","NC362","ww",36,2.0341551,4.1466083,4.08077461,5.7306743,1.10335732651629,1.50719985
"513","NC364","ws",6,0.47354615,0.7846643,0.795262051,1.132937,0.194349458529929,0.255377125
"514","NC364","ws",30,1.0621012,2.0234719,1.91752881,2.4212554,0.457172254642914,0.466196875
"515","NC364","ww",6,0.73504007,1.0745288,1.077304208,1.5340893,0.268254455234447,0.1821683725
"516","NC364","ww",29.9997222222222,3.7840798,4.4811767,4.53094127,5.4601274,0.601689719997699,0.979026425
"517","NC366","ws",6,0,0.781604575,1.706184191,4.7459116,1.7582138448975,3.162817369
"518","NC366","ww",6,0,0.60526095,3.25372426181818,10.602101,3.86995846085995,6.76064945
"519","ND246","ws",6,0.6846291,1.4055213,1.31284311,1.6484778,0.296357995347322,0.35444055
"520","ND246","ws",30,1.5544318,2.7594267,2.53814871,3.4741468,0.69763421294662,1.122725775
"521","ND246","ww",6,1.0027521,1.55622025,1.56587333,2.2652164,0.372765484464742,0.400502625
"522","ND246","ww",30,2.0536466,3.72955305,3.76224837,5.5072927,1.26383869330691,1.929411925
"523","OH40B","ws",6,0,0,0.297642316,1.1464502,0.412118206217752,0.5133132525
"524","OH40B","ww",6,0,0.329865975,1.161778859,4.8870077,1.60071008981228,2.03050685
"525","OH43","ws",6,0,0.321833565,0.29755858,0.54762316,0.158865710441412,0.1505445175
"526","OH43","ws",30,0.71956056,1.67447355,1.742153176,2.4021108,0.490204323996379,0.605564525
"527","OH43","ww",6,0.07448318,0.339604825,0.351541674,0.68374157,0.198806913372779,0.186176
"528","OH43","ww",30.0005555555556,2.090333,3.1163366,3.35161679,4.7245264,0.81584532299142,0.963841175
"529","OH43E","ws",6,0.27333266,0.60879871,0.850233856,1.9181683,0.545519010519185,0.9888879225
"530","OH43E","ww",6,0.19044347,0.606253575,1.8778224155,4.6053877,1.71103688157631,3.016682985
"531","OH7B","ws",6,0,0.376541665,0.369948598,0.62574106,0.198153461601323,0.2640074525
"532","OH7B","ws",36,0,0.95704063,1.18193228,3.0671048,0.894158931154612,0.8376882575
"533","OH7B","ww",6,0.273467,0.387322625,0.466356911,0.8608448,0.195587683508335,0.118498355
"534","OH7B","ww",36,0.48302665,2.3217223,2.240132149,4.831061,1.36760330556922,1.5697808
"535","OS420","ws",6,0,0.28816325,0.277566114,0.53865504,0.16397856945985,0.20280358
"536","OS420","ws",36,0.8205989,1.24448875,1.306553325,1.959509,0.38641949104155,0.610480475
"537","OS420","ww",6,0.14595872,0.212831775,0.274610932,0.50226855,0.12760036466256,0.190665055
"538","OS420","ww",36,0.73736745,2.40075975,2.546435165,4.5187874,1.24197435820165,1.81668565
"539","P39","ws",6,0.59679246,1.94581855,2.140348656,3.7996655,1.28074618460543,2.5103701
"540","P39","ww",6,0.5811352,1.6512177,2.862816323,6.7045665,2.1772930778406,3.729116275
"541","PA762","ws",0,0.18189208,0.379505295,0.482514659,1.060582,0.308557599264616,0.40808998
"542","PA762","ws",30,0.27907753,2.1306102,2.098603183,3.0817385,0.781122221769175,0.779247375
"543","PA762","ww",0,0,0.43832655,0.491398806,1.34516,0.370014312797877,0.2387319925
"544","PA762","ww",30,1.6332003,4.38455025,4.0292409,5.4681706,1.20218070407264,0.96702695
"545","PA875","ws",6,0,0,0.004370365,0.04370365,0.0138203076062818,0
"546","PA875","ws",52.9752777777778,0,0.37569065,0.524904074,1.8695798,0.616399476764669,0.83720651
"547","PA875","ww",6,0,0.49882111,0.732888668,2.2910378,0.785758936224464,1.17869991
"548","PA875","ww",29.1461111111111,0.12361259,2.4364376,2.524253834,5.7810006,1.78859681311388,2.2813976
"549","PA880","ws",6,0,0.486165725,0.7602935155,2.184632,0.715157467009914,0.57690094
"550","PA880","ww",6,0,0.62695095,1.1559201475,4.989662,1.27309442658519,1.017835045
"551","PA91","ws",6,0.26151484,1.3145568,1.515465463,3.0407705,1.01083962208528,1.8469392625
"552","PA91","ww",6,0.39933813,1.1448845,2.6686130735,5.6576686,2.13678179160166,3.9683788175
"553","R109B","ws",6,0.18342721,0.27931389,0.326432327,0.4808589,0.0936258389213704,0.131311415
"554","R109B","ws",36,0.48545414,0.9139162,0.89744042,1.3737311,0.24262262816794,0.2579993275
"555","R109B","ww",6,0.266942,0.43546957,0.503008407,0.96171796,0.193976210873387,0.1639808975
"556","R109B","ww",36,0.7619594,1.875532,2.27196069,4.287273,1.27251983430061,1.8294128
"557","R229","ww",6,0,3.13919495,15.335732302,56.58267,19.2868859211821,27.387459715
"558","R4","ws",6,0.16464336,0.459046525,0.433673075,0.72281957,0.179429044477418,0.2611761075
"559","R4","ws",35.9997222222222,0.6997266,1.5743832,1.396184576,1.7717266,0.379206236418712,0.5242994
"560","R4","ww",6,0.23914447,0.529787475,0.583624182,1.0873215,0.287266820019828,0.39378774
"561","R4","ww",36,0.49694055,2.10049485,2.152319862,3.605669,1.14708235812898,1.790887875
"562","SA24","ws",6,0,0,0.058161207,0.33027753,0.107252139950516,0.0513000475
"563","SA24","ws",32.4547222222222,0.73244107,1.66859195,1.590676527,2.1973922,0.496434975008245,0.702540925
"564","SA24","ww",6,0,0,0.0570667784444444,0.23294106,0.0906349971300605,0.114056066
"565","SA24","ww",30.0044444444444,1.0810305,2.23989725,2.33849211,3.5189352,0.844318608372535,1.280214975
"566","SC213R","ws",6,0,2.248741,1.70310669,3.3014374,1.20152379226607,1.627865385
"567","SC213R","ww",6,0,1.7926216,1.86879650875,4.7523823,1.48547059462794,1.3888395575
"568","SC357","ws",6,0.14993112,0.950678765,1.222781053,2.840076,0.833336852296742,0.972505325
"569","SC357","ww",6,0.4287497,1.4238869,2.036756663,4.9057207,1.50269163322849,2.485913275
"570","SC55","ws",6,0.58427536,0.9631841,0.918309236,1.3220448,0.236473094292548,0.285113
"571","SC55","ws",30,1.1525314,1.9529323,1.91640248,2.5241652,0.476190061421888,0.604390925
"572","SC55","ww",6,0.9269438,1.33445805,1.27192186,1.4991889,0.222415564307897,0.3845186
"573","SC55","ww",30,2.3120325,4.7043945,4.32659181,5.428999,1.02835754464537,1.452583725
"574","SD40","ws",6,0.5491541,1.49883955,1.7884587655,4.037922,0.855970895422606,1.2578333
"575","SD40","ww",6,0.914248,1.5689624,2.73047903,5.8483963,1.74500239409168,2.9401587
"576","SD44","ws",6,0.7934572,1.3655922,1.42343486,2.0200577,0.385535033121376,0.457231025
"577","SD44","ws",30,2.128225,2.49505685,2.59577534,3.216937,0.383930665937586,0.542228025
"578","SD44","ww",6,1.2474325,1.63893725,1.62802856,1.8503385,0.195592398143913,0.275973075
"579","SD44","ww",30.0013888888889,3.1908371,4.44096115,4.40062283,5.231035,0.595145963854557,0.52717465
"580","SG18","ws",6,0,0,0.070175832,0.34708807,0.112463104239543,0.117140525
"581","SG18","ws",36,0,1.4787609,1.178420465,2.051193,0.751649987933487,1.2766645475
"582","SG18","ww",6,0,0.131543635,0.135648475,0.3651686,0.140034591483974,0.2463308375
"583","SG18","ww",36,0,1.51022315,1.52190088,3.5113902,1.21475291637856,1.6485788
"584","T232","ws",6,0,0.264843135,0.587554077,2.4148593,0.726787518178563,1.11072695
"585","T232","ww",6,0,0.519432025,1.2171343625,4.23077,1.43110999703646,2.458799375
"586","T234","ws",6,0.69781125,1.23369425,1.366642625,2.3703377,0.505284225907344,0.519426825
"587","T234","ww",6,50.166157,56.386503,58.6250265,75.54195,8.08133876785773,11.2106115
"588","T234","ww",34.2011111111111,70.290634,86.5855,87.0213525,110.29304,12.5975553159892,9.64699950000001
"589","T8","ws",6,0.14196831,0.694398515,0.593709144,0.9010815,0.288481962804144,0.427079255
"590","T8","ws",30,1.2522218,1.9030218,1.96672277,2.771243,0.536920599879844,0.972896975
"591","T8","ww",6,0,0.73065067,0.648645566,1.324225,0.452797542915688,0.622418665
"592","T8","ww",30,2.625005,3.99974155,3.84351198,5.1271067,0.851936760675668,1.2825222
"593","TX303","ws",6,0,0,0.274520285,1.9241475,0.606068109559693,0
"594","TX303","ww",6,0,0,0.412291494736842,2.0515192,0.744373480988676,0.45785795
"595","TZ18","ws",6,0,0,0.038448417,0.38448417,0.121584570147938,0
"596","TZ18","ws",36,0,0.25127767,0.43896667,1.3031152,0.513548529647477,0.69781512
"597","TZ18","ww",6,0,0,0.009772433,0.09772433,0.0309031465613923,0
"598","TZ18","ww",36,0,0.19733171,0.621515659,2.1023774,0.754659922500942,1.0602547125
"599","TZI10","ww",6,0,1.3261101,1.5240889378,4.0297937,1.20635093563418,1.304861745
"600","TZI11","ws",6,0.11570438,0.74323195,0.681908616,1.0829695,0.326441493103247,0.407062755
"601","TZI11","ws",30,0.82889086,2.23294135,2.165760056,3.0310652,0.692327667875786,0.925409975
"602","TZI11","ww",6,0.084708415,0.81056711,0.8383818115,2.0343513,0.624065395027958,0.6110502225
"603","TZI11","ww",30.0002777777778,3.294125,4.760629,4.4900934,5.68081,0.876937311773192,1.5191291
"604","TZI16","ws",6,0,0.28005751,0.251108898,0.42162386,0.142724775856443,0.0582135349999999
"605","TZI16","ws",35.9825,0.52210766,1.3560137,1.51981292,2.5428352,0.761921600900494,1.402768375
"606","TZI16","ww",6,0,0.249985115,0.229774762,0.45109802,0.153639823282545,0.1532259025
"607","TZI16","ww",35.9922222222222,0,1.64773735,1.99744961,4.18586,1.52329341485999,2.4071411
"608","TZI18","ws",6,0,0,0.1082364956,0.40729192,0.157000522318112,0.235424654
"609","TZI18","ws",30.0002777777778,0,0.92686557,1.137512364,2.611014,1.13760680316759,2.23113075
"610","TZI18","ww",6,0,0.065460915,0.170933744,0.51142776,0.212579160410392,0.3143504125
"611","TZI18","ww",30,2.3079054,3.1405466,3.48358741428571,4.975426,1.0309642205298,1.49943705
"612","TZI25","ws",6,0.2235041,0.955771265,1.454987202,3.7317011,1.07634123380614,1.41095047
"613","TZI25","ww",6,0.2610989,2.940582,3.5351875235,6.814534,2.68115720690226,5.16973415
"614","TZI9","ws",6,0,0.43295406,0.372528392,0.8067314,0.344392044852932,0.64496105
"615","TZI9","ws",30,1.064156,1.6270623,1.75915288,2.751491,0.565930929229601,0.7704846
"616","TZI9","ww",6,1.6355525,4.087679,3.6480566,4.4204035,1.00078888628366,1.0044944
"617","VA102","ws",6,0.10414902,0.370782865,0.370868783,0.634896,0.183119153958342,0.2937997375
"618","VA102","ws",45.1594444444444,1.3971905,2.7939352,2.66685228,3.7612658,0.763033273288281,1.21108125
"619","VA102","ww",6,0.9832206,3.1194106,2.85358002,3.9158523,0.940342720237265,1.111379025
"620","VA14","ws",6,0,0.049289425,0.231607287,0.6580886,0.292501941916649,0.541483335
"621","VA14","ws",35.9997222222222,0.066199936,1.8465276,1.5193996026,2.8600442,1.0148247985438,1.41139739
"622","VA14","ww",6,0,0.08354673,0.211145174,0.89889985,0.298746766016765,0.2854890525
"623","VA14","ww",32.0841666666667,0.33547366,2.3091304,1.968382846,3.5937448,1.05437946915062,1.280618
"624","VA17","ws",6,0.85583824,0.98393322,1.087202566,1.4649162,0.237050809978038,0.38254504
"625","VA17","ws",36,0.88343483,3.7615322,3.376668963,4.0254183,0.952674740524555,0.684062625
"626","VA17","ww",6,0.88336635,1.438259,1.434023285,2.0818622,0.379722117522479,0.562941075
"627","VA17","ww",36,1.4058325,4.40103735,4.63813447,8.50224,2.29835239951911,3.133037125
"628","VA26","ws",6,0,0.436304975,0.6841232505,2.0646255,0.652640492068893,1.1592287075
"629","VA26","ww",6,0,0.56788419,1.1869189055,4.2503586,1.44833648240258,1.998936
"630","VA35","ws",6,0.12491084,0.421553885,0.419509923,0.74744743,0.211088249552892,0.274597585
"631","VA35","ws",36,0.9810743,1.7913609,1.73214863,2.4729073,0.558915879603213,1.0472277
"632","VA35","ww",6,0,0.603982815,0.531189705,0.8761295,0.295034093291756,0.44999158
"633","VA35","ww",36,1.709284,4.943734,4.59238037777778,7.3560286,1.79834547304677,1.5783224
"634","VA59","ws",6,0,0.588745125,0.7876660355,2.0518484,0.78326124871319,1.484087825
"635","VA59","ww",6,0,0.57747253,0.910716808,3.603418,1.02769270303212,1.685451325
"636","VA85","ws",6,0.37724346,0.93248934,1.04609007157895,1.7628907,0.467693528540248,0.811331215
"637","VA85","ww",6,0.36366403,1.35115175,2.554361132,6.5843143,2.11744132874669,3.4949744175
"638","VAW6","ws",6,0.16998257,0.7373928,0.833220609,1.8702326,0.558042537631255,0.7654214675
"639","VAW6","ww",6,0.25847685,0.6127286,0.588378227777778,0.8143534,0.204484919762973,0.29688873
"640","W117HT","ws",6,0,0.4805312,0.413469372,0.8131156,0.272147778607392,0.3392470575
"641","W117HT","ws",36,0,0.959046,1.188042371,2.6189106,0.959705306912407,1.4729983525
"642","W117HT","ww",6,0,0.49415305,0.496445792,1.4731761,0.414947174403947,0.30602238
"643","W117HT","ww",36,0,1.2972566,1.85252903,5.004583,1.6305989971049,2.18965705
"644","W22","ws",6,0,0.536897125,0.7017514485,2.3195782,0.595252439997488,0.484051545
"645","W22","ww",6,0,0.85801797,1.53187890225,3.8971763,1.28625465384116,1.866870805
"646","W64A","ws",6,0.3053882,0.5679037,0.547198366,0.68108016,0.100258150863567,0.085651375
"647","W64A","ws",29.9997222222222,0.98995507,2.02832805,1.877674127,2.3737648,0.509598219432539,0.795400075
"648","W64A","ww",6,0.3343009,0.7176688,0.69461737,0.98280174,0.197232769255035,0.1954815025
"649","W64A","ww",30.0005555555556,2.3549712,3.8880714,3.7029993,4.5514402,0.686225601401324,0.9563508
"650","WD","ws",6,0.5303343,0.91793548,0.895764772,1.2276337,0.234310463265743,0.37617173
"651","WD","ww",6,0.15947384,0.557087665,0.504026367,0.88960224,0.250392549032498,0.24536792
"652","WD","ww",34.3502777777778,0.946566,1.64274285,1.862531405,3.1790745,0.902581497952165,1.5982084
"653",NA,NA,NA,Inf,NA,NA,-Inf,NA,NA
